operation,requests,success_rate,p50_latency_ms,p95_latency_ms,min_latency_ms,max_latency_ms,mean_latency_ms
robot_create,6,1.0,7.2869,8.7194,6.1246,8.8754,7.3995
robot_read,6,1.0,5.5251,5.9266,5.283,6.0204,5.569
task_create,6,1.0,7.378,8.3947,6.306,8.4061,7.4494
task_read,6,1.0,6.9483,8.3251,5.4696,8.4715,7.0249
planning_path,6,1.0,7.8994,8.2286,6.6537,8.2291,7.6624
allocation_run,6,1.0,9.4438,9.7997,7.5514,9.8933,9.0039
coordination_plan,6,1.0,9.148,26.0127,7.3697,29.4815,13.1041
recovery_obstacle,6,1.0,9.716,10.453,8.8639,10.5158,9.659
recovery_robot_failure,6,1.0,8.8604,9.7093,7.4576,9.7371,8.7818
